<?xml version="1.0" encoding="UTF-8"?>
<beans xmlns="http://www.springframework.org/schema/beans"
	xmlns:xsi="http://www.w3.org/2001/XMLSchema-instance"
	xmlns:context="http://www.springframework.org/schema/context"
	xmlns:mvc="http://www.springframework.org/schema/mvc"
	xmlns:webflow-config="http://www.springframework.org/schema/webflow-config"
	
	xsi:schemaLocation="http://www.springframework.org/schema/beans http://www.springframework.org/schema/beans/spring-beans.xsd
		http://www.springframework.org/schema/context http://www.springframework.org/schema/context/spring-context-4.0.xsd
		http://www.springframework.org/schema/mvc http://www.springframework.org/schema/mvc/spring-mvc-4.0.xsd 
		http://www.springframework.org/schema/webflow-config http://www.springframework.org/schema/webflow-config/spring-webflow-config-2.3.xsd">


	<mvc:annotation-driven enable-matrix-variables="true" validator="validator"/>
	
	<context:component-scan base-package="edu.mum.waa.amazing" />
	
	<bean class="org.springframework.web.servlet.view.InternalResourceViewResolver">
		<property name="prefix" value="/WEB-INF/views/" />
		<property name="suffix" value=".jsp" />
	</bean>
	
	<bean id= "messageSource" class="org.springframework.context.support.ResourceBundleMessageSource">
   		<property name="basename" value="messages"/> 
	</bean>
	
	<mvc:resources  location="/resources/"  mapping="/resource/**"/>
	
	<bean id="multipartResolver"  class="org.springframework.web.multipart.commons.CommonsMultipartResolver">
	  <property name="maxUploadSize" value="10240000"/>
	</bean>
	
	<bean class= "org.springframework.web.servlet.view.ContentNegotiatingViewResolver">
		<property name="defaultViews">
			<list>
				<ref bean="jsonView"/>
				<ref bean="xmlView"/>
			</list>
		</property>
	</bean>
	
	<bean id="jsonView"	class= "org.springframework.web.servlet.view.json.MappingJacksonJsonView">
		<property name="prettyPrint" value="true"/>
	</bean>
	
	<bean id="xmlView" class= "org.springframework.web.servlet.view.xml.MarshallingView">
		<constructor-arg>
			<bean class="org.springframework.oxm.jaxb.Jaxb2Marshaller">
				<property name="classesToBeBound">
					<list>
						<value>edu.mum.waa.amazing.domain.Product</value>
					</list>
				</property>
			</bean>
		</constructor-arg>
	</bean>
	
	<mvc:interceptors>
 		<bean class= "edu.mum.waa.amazing.interceptor.PerformanceMonitorInterceptor"/>
 		<bean class= "org.springframework.web.servlet.i18n.LocaleChangeInterceptor">
			<property name="paramName" value="language"/>
	 	</bean>
	 	
	 	<bean class= "edu.mum.waa.amazing.interceptor.AuditingInterceptor"/>
	 	<bean class= "edu.mum.waa.amazing.interceptor.PromoCodeInterceptor">
	 		 	<property name="promoCode" value="OFF3R"/>
	 			<property name="errorRedirect" value="invalidPromoCode"/>
		 		<property name="offerRedirect" value="products"/>
		</bean>
	 	
 		
	</mvc:interceptors>
	
	<bean id="localeResolver" class="org.springframework.web.servlet.i18n.SessionLocaleResolver">
		<property name="defaultLocale" value="en"/>
	</bean>
	
	<bean id="validator" class="org.springframework.validation.beanvalidation.LocalValidatorFactoryBean">
		<property name="validationMessageSource" ref="messageSource" />
	</bean>
	
	<bean id="productValidator" class="edu.mum.waa.amazing.validator.ProductValidator">
		<property name = "springValidators">
			<set>
				<ref bean = "unitsInStockValidator"/>
			</set>
		</property>
	</bean>
	
	<bean id="unitsInStockValidator" class="edu.mum.waa.amazing.validator.UnitsInStockValidator"/>
	
	<webflow-config:flow-executor id="flowExecutor"	flow-registry="flowRegistry" />

	<webflow-config:flow-registry id="flowRegistry"	base-path="/WEB-INF/flows">
		<webflow-config:flow-location path="/checkout/checkout-flow.xml" id="checkout"/>
	</webflow-config:flow-registry>
	
	<bean id="flowHandlerMapping" class="org.springframework.webflow.mvc.servlet.FlowHandlerMapping">
		<property name="flowRegistry" ref="flowRegistry" />
	</bean>

	<bean id="flowHandlerAdapter" class="org.springframework.webflow.mvc.servlet.FlowHandlerAdapter">
		<property name="flowExecutor" ref="flowExecutor" />
	</bean>
	
	<bean id="tilesViewResolver"   class="org.springframework.web.servlet.view.UrlBasedViewResolver">
        <property name="viewClass" value="org.springframework.web.servlet.view.tiles3.TilesView" />
        <property name="order" value="-2" />
	</bean>
	
	<bean id="tilesConfigurer" class="org.springframework.web.servlet.view.tiles3.TilesConfigurer">
        <property name="definitions">
            <list>
                <value>/WEB-INF/tiles/definitions/tile-definition.xml</value>
            </list>
        </property>
	</bean>
	
	
</beans>
